id,title,manufacturer,price
0,clickart 950 000 premier image pack ( dvd-rom ),broderbund,
1,ca international arcserve lap/desktop oem 30pk,computer associates,
2,noah 's ark activity center ( jewel case ages 3-8 ),victory multimedia,
3,peachtree by sage premium accounting for nonprofits 2007,sage software,599.99
4,singing coach unlimited,carry-a-tune technologies,99.99
5,emc retrospect 7.5 disk to disk windows,dantz,
6,adobe after effects professional 6.5 upgrade from standard to professional,adobe,499.99
7,acad upgrade dragon naturallyspeaking pro solution 9.0 ( a289a-fd7-9 .0 ),nuance academic,399.54
8,mia 's math adventure : just in time,kutoka,19.99
9,disney 's 1st & 2nd grade bundle ( pixar 1st grade secret keys and aladdin reading quest ),disney,14.99
10,paper art : gift wrapping,arc-media-inc .,
11,nfs maestro solo 2006 1u,hummingbird communications,309.56
12,microsoft sql server standard edition 2005 64 bit cd/dvd 5 client,microsoft,1849.0
13,spy sweeper spanish,webroot software,29.95
14,domino designer/developer v5 .0,lotus development,95.0
15,omnioutliner professional 3.0,csdc,69.95
16,compaq comp . secure path v3.0c-netware wrkgrp 50 lic 231327-b22 ),compaq computer,
17,upg sgms 1000 incremental node,sonic-systems-inc .,
18,the human body,topics entertainment,19.99
19,school zone pencil-pal software big phonics ( cd-rom & book ),school-zone-interactive,
20,millie 's math house ages 3-7 ( win/mac ),ibm - ( aap-misc-parts ),
21,world book encyclopedia 2006,topics entertainment,19.99
22,musicalis guitar workshop,global-software-publishing,9.99
23,the printshop 20 professional publisher,broderbund,69.99
24,data protection suite,stomp inc,69.99
25,kids power fun for girls,topics entertainment,19.99
26,adobe premiere pro cs3 upgrade,adobe,299.0
27,i copy dvds 2 professional edition,me-too-software,69.99
28,gen-x media made easy vol . 3,gen-x,49.95
29,family tree maker 11.2 collector 's edition,encore,109.95
30,adobe fireworks cs3 [ mac ],adobe,299.0
31,dinosaurs,topics entertainment,19.99
32,instant home design 3.0 [ lb ],topics entertainment,19.99
33,x-oom internet movies 2,x-oom,
34,form workshop 1200,valusoft,29.99
35,the print shop pro publisher 22 deluxe [ dvd ],encore,99.99
36,stomp inc recover lost data 2005,stomp inc,39.95
37,my first bible stories,dorling-kindersley-multimedia - ( dk ),29.95
38,the big mix ( mac ),aladdin,59.99
39,x-oom movie clone 3 gold,x-oom,
40,the print shop 22 deluxe,encore,49.99
41,imsi turbocad designer v. 11,imsi,39.99
42,lavasoft ad-aware plus edition,tri synergy,29.99
43,clip art and more 250 000 ( jewel case ),imsi design,
44,instant immersion language lab deluxe edition,topics entertainment,
45,elementary school success deluxe 2006,topics entertainment,49.99
46,national geographic presents : redshift planetarium,topics entertainment,29.99
47,math success deluxe 2006,topics entertainment,49.99
48,national geographic presents : forces of nature,topics entertainment,29.99
49,reference success deluxe 2006,topics entertainment,49.95
50,clifford the big red dog thinking adventures,scholastic,9.99
51,mastercook deluxe low carb,valusoft,14.99
52,instant home design ( jewel case ),topics entertainment,9.99
53,boomerang webshop platinum,boomerang,
54,allume boost xp for windows,smith-micro-software,29.99
55,jumpstart learning games phonics ( pc & mac ),knowledge adventure,9.99
56,kids power fun for little ones,topics entertainment,19.99
57,museums of the world,topics entertainment,19.99
58,matchbox cross-town heroes,thq,19.99
59,studyworks ! teaching pro : middle school math & science ( win/mac ),global-software-publishing,29.99
60,trudy 's time and place house ages 3-6,ibm,
61,personal image manager,smith-micro-software,29.99
62,stomp inc drive washer,stomp inc,
63,movies on psp,x-oom,
64,kids power fun for kids,topics entertainment,19.99
65,custom landdesigner 3d design 7.0,sierra on-line,
66,freddi fish 2 : the haunted schoolhouse,humongous entertainment,29.95
67,netgear vpn01l vpn client software,netgear,89.99
68,mom standard ops mgmt lic 2005 english mlp 5 oml,microsoft,
69,eastwest bsendorfer 290 grand piano virtual instrument,eastwest,199.95
70,diskeepeer 2007 admin upgrade sngl lic pack,diskeeper corporation,200.0
71,monarch v9 .0 1u .,datawatch,699.0
72,midway arcade treasures ( jewel case ),encore software,9.99
73,snap ! 10 000 drink recipies ( jewel case ),topics entertainment,4.99
74,mac os x server v10 .4.7 10-client,apple,499.0
75,epson storyteller photo book creator 8 x 10 ( 20 pages ),epson,29.99
76,adobe acrobat capture 3.0 22101258 ),adobe,299.99
77,age of mythology ( mac ),macsoft,19.99
78,emedia intermediate guitar method os x,emedia,59.99
79,ca internet security suite 2007 3 user,computer associates,69.95
80,kaplan sat/act/psat express,topics entertainment,9.99
81,passwords plus 1.0,dataviz,29.99
82,emedia essential bass guitar,emedia,19.95
83,scratches : directors cut,got game,19.99
84,x3 : reunion virtual programming ltd.,csdc,39.95
85,write brothers dramatica pro win/mac,write brothers,269.99
86,emedia bass method win/mac,emedia,59.99
87,microsoft licenses project svr sa govt ( h2200301 ),microsoft licenses,3601.4
88,total training for adobe creative suite 3 : design premium bundle,total training,299.99
89,everquest : titanium,sony-creative-software,19.95
90,emc retrospect 7.5 professional for windows upgrade,dantz,
91,iriscard pro business card scanner,iris,199.99
92,computrace lojack for laptops 4 year subscription,absolute software,119.99
93,microsoft office frontpage 2003 academic version windows ),microsoft,159.98
94,warlords 3 ( jewel case ),red-orb-entertainment,
95,autocad 2007 courseware customizing the interface,autodesk psg,47.95
96,sonicwall internet upgrade ( 50-node ),sonicwall,
97,tournament poker 2005,eagle games,20.99
98,cold zero : no mercy,encore software,19.99
99,listen for ipod magnetic time,sos-aggregation-company,39.99
100,textbridge pro 11 5u license xp,nuance communications inc. .,
101,atari arcade classics ( mac ),macsoft,19.99
102,myinvoices & estimates deluxe,avanquest software,39.95
103,my sim aquarium,viva media,19.99
104,scrabble,destineer,24.99
105,instant immersion spanish ( audio book ),topics entertainment,
106,cisco security server agent for windows and solaris license 100 agents win solaris csa-b100-srvr-k9 ),cisco-systems-enterprise,
107,photoshop elements 5 and premiere elements 3 bundle win minibox ( 29180248 ),adobe,242.62
108,buzby breakin ' all the rules hermie and friends,digital praise,19.99
109,instant immersion french 2.0,topics entertainment,29.99
110,hp digital sending secure license 50 users std,hewlett packard,
111,instant play electric guitar deluxe,topics entertainment,39.99
112,foreign policy & reform ( win/mac ) ( jewel case ),fogware publishing,9.99
113,microsoft licenses win svr 2003 ext conn lic ( r3900292 ),microsoft licenses,3371.85
114,quickbooks pos : pro multistore 6.0,intuit inc.,1399.95
115,encyclopedia britannica deluxe 2008 win/mac,avanquest,29.95
116,cook 'n vegetarian,dvo enterprises,19.99
117,hidden expedition : titanic,activision,19.99
118,crystal reports xi professional edition,business objects,495.0
119,sierra hallmark card studio special edition windows ),nova development,
120,crusader kings,atari,19.99
121,microsoft licenses exch . srvr extrn conn sa eng ( 39400416 ),microsoft licenses,42166.22
122,watchguard serverlock manager ( 100 servers ),watchguard-technologies-inc,14995.0
123,master server-upg,novastor corporation,
124,tlc dr. seuss reading learning system 2008,encore,19.99
125,compaq comp . rapid deployment pk-flexible lic kit 302127-b21 ),compaq computer,
126,oxford spanish dictionary,oxford-university-press,19.95
127,pantone reference library,pantone inc.,1623.06
128,procurve vpn client software unlimited client licenses,hewlett packard,
129,oxford spanish dictionary,tri synergy,19.99
130,microsoft licenses sps extrnlconnnonemplyenglands c ( h3200034 ),microsoft licenses,101515.55
131,microspot interiors,microspot ltd.,99.95
132,upgrade emc retrospect 7.5 multi server windows only,dantz,
133,snap enterprise data replicator advanced license for 10000 series,adaptec,
134,employee appraiser 5.0 deluxe mailer,global marketing,394.6
135,microsoft crm professional cal 3.0 product upgrade license pack user cal,microsoft software,9980.0
136,upgrade robohelp server 6 win ue 1u,adobe,3609.98
137,netmanage rumba unix-hp edition v. 7.3 upgrade license 902453-006 ),netmanage,
138,sonicwall gms standard edition 10 node license,sonicwall,
139,adobe creative suite cs3 design premium upsell [ mac ],adobe,1599.0
140,retrospect 6.0 desktop mac upgrade,dantz,59.99
141,exceed 2007 with 1yr mnt 1u,hummingbird communications,650.0
142,ca brightstor arcserve backup r11 .1 for netware tape library option service pack,computer associates,
143,adobe acrobat distiller svr v6-cd linux u/u 42050142 ),adobe systems,
144,backup exec netware open file v9 .2 e/g full package product,veritas,695.0
145,microsoft virtual pc for mac 7.0 with windows 2000,microsoft,249.99
146,microsoft mappoint 2006 standard edition,microsoft,299.0
147,red hat entprse linux as 3 amd rhf0211us ),red hat software,
148,ca arcserve bkup r11 .1 / nw stor area netw ( san ) opt prod only,computer associates,
149,enterasys vpn & firewall code upgrade xsr-18xx-vpn-fw ),cabletron systems,1928.07
150,suretrak project manager 3.0,primavera systems,499.0
151,vrs4 .0 plus scsi workgroup scanning 5 & 6,fujitsu imaging,
152,pdf create ! 4.0 retail,nuance-communications-inc .,49.99
153,upgrade 3d for exceed 2007 1u,hummingbird communications,
154,cisco 3745 ser ios ent cd374-esk9 = ),cisco systems enterprise,2814.33
155,softgrid cal for ts 4.1 english mlp 20 user cal,microsoft,
156,details 3.0,aec software,304.99
157,adobe photoshop elements 4.0 plus adobe premiere elements 2.0 complete package 1 user cd mini-box win canadian french 29180162 ),adobe systems inc,
158,photo objects 150 000 for macintosh,nova development,49.99
159,insight pwr mgr no media 1ltu,hewlett packard,
160,fontware pro +,informatics,
161,gods : lands of infinity special edition,strategy first,29.99
162,icopydvds2 ultra by digital wunders,global-marketing-partners,89.99
163,hallmark blank greeting cards half-fold matte premium 20 count,nova development,12.99
164,sea scene : living underwater worlds ( jewel case ),valusoft,9.99
165,hp storageworks secure path for windows workgroup edition v. 4.0 c license 213076-b26 ),hewlett packard,
166,equilibrium debabelizer pro 6.0 1 user,equilibrium,599.99
167,prosoft tunetech for ipod ( mac ),prosoft engineering,74.99
168,autodesk discreet combustion 4 windows ),autodesk,
169,reel deal casino quest,phantom efx,19.99
170,espro + interpretair s/w,fluke networks,5750.6
171,microsoft licenses word mac 10.0 eng govt ( d4800369 ),microsoft licenses,349.83
172,ca arcserve bkup r11 .5 win agent mac os x upgrade prod only,computer associates,
173,netmanage rumba web to host as400 ed v4 .2 910620-000 ),netmanage,
174,1pk internet sec ste 2007 oem,ca oem,
175,diskeeper 2007 professional single lic pack,diskeeper corporation,79.21
176,instant immersion japanese ( audio book ),topics entertainment,
177,world of warcraft 60 day pre-paid time card,blizzard entertainment,29.99
178,smart steps 4th grade,dorling-kindersley-multimedia - ( dk ),29.95
179,ca arcserve bkup r11 .5 win dro sp1 prod only,computer associates,
180,textbridge pro 11,nuance-communications-inc .,79.99
181,emedia rock guitar method,emedia,39.99
182,home bartending 101 shooters,arc-media-inc .,19.95
183,jumpstart reading with karaoke,knowledge adventure,29.99
184,crystal reports xi developer,business objects,595.0
185,iremember digital scrapbooking 2.0,intriguing development,39.95
186,learn2 training for microsoft powerpoint,topics-entertainment-software - ( consignment ),9.99
187,adobe acrobat distiller svr v6-cd sun 100u 42050106 ),adobe,9104.19
188,tomb raider : legend,eidos interactive,19.99
189,upgrade delphi 2006 pro named fr delphi v3-2005 pro cd,borland international,
190,isi researchsoft reference manager 11 single user,isi researchsoft,299.99
191,high availability requires two livesecurity firesboxes,watchguard technologies inc,1995.0
192,buku karkuro,topware interactive,19.99
193,backup exec 10d win adv disk v10 .1 lic only ( e180518 ),symantec corporation .,983.34
194,procurve manager plus upgrade -,hewlett packard,
195,world of warcraft,blizzard entertainment,19.99
196,world of warcraft pc,vivendi,35.7
197,sonicwall global vpn client license 01-ssc-5310 ),sonic systems inc. .,
198,scansoft paperport professional 11 5 user license,nuance communications inc.,949.99
199,netmanage upg rumba unix-hp edition level 902453-007-c ),netmanage,
200,upg serverlock for solaris gold,watchguard technologies inc,
201,backup exec netware remote agt win/netware svr v9 .2 e/g,veritas,295.0
202,the computrace lojack for laptops computer tracking and loss control solution by,lenovo,
203,lotus dev . mqseries link for r/3-v 1.2 cd sol 04l1671 ),lotus development corp,
204,cisco ios enterprise services complete package cd28-esk9 = ),cisco systems enterprise,
205,nortel contivity stateful firewall license standard 1 switch,nortel,
206,hp data protector exp bu svr cmp upgrade ltu,hewlett packard,
207,crystal reports 11 professional full product french,business objects,909.66
208,wasp bar code wasp bar code labeler complete package 3 users std cd -,wasp technologies,
209,ibm rational clearcase lt v. 6.0.0 media vol passport passport adva,ibm,
210,upgrade terminal emulation software 2006 with media 1u,esker,
211,microsoft entertainment pack ce,microsoft,49.5
212,diskeeper 2007 pro premier 10-lic pack,diskeeper corporation,1372.21
213,netmanage rumba web as/400 edition 910523-002 ),netmanage,
214,watchguard 1yr subs firebox x5 webblocker wg017196 ),watchguard technologies inc,159.9
215,netmanage rumba web to host as400 ed v4 .2 910623-000 ),netmanage,
216,adobe illustrator cs3 upgrade from freehand [ mac ],adobe,199.0
217,cisco syst . minor release : requires existing cww-6 .1 - win-mr ),cisco systems enterprise,
218,microsoft upg win small business svr cal t74-01215 ),microsoft corporation,330.14
219,ca brightstor arcserve backup r11 .1 for netware upgrade from arcserve 7 for netware,computer associates,
220,mobileinventory additional mobile license,wasp technologies,
221,watchguard license wg vpn upgrade from 4 to 10 ( wg4110 ),watchguard license,2098.55
222,pinnacle studio plus titanium edition v10 .5,pinnacle,69.99
223,symantec client security 3.1 with groupware protection business pack 50 user,symantec,3732.0
224,netmanage rumba web as/400 edition 910584-001 ),netmanage,
225,microsoft powerpoint 2004 ( mac ),microsoft,229.99
226,refviz v2 mac single user,isi researchsoft,299.95
227,e frontier manga studio debut 3.0 ( single user ),curious labs inc.,49.99
228,microsoft licenses win svr 2003 device cal l/sa ( r1800144 ),microsoft licenses,74.59
229,vcomm system suite professional 7,avanquest,49.95
230,ca arcserve bkup r11 .5 win svrless bkup opt sp1 - prod only,computer associates,
231,red hat enterprise linux ws v. 4 update 4 license 1 workstation rl296aa ),hewlett packard,
232,printshop home & office labels,broderbund,19.95
233,photo explosion deluxe 3.0,nova development,49.99
234,ntrack anti-theft by synet electronics,global marketing partners,
235,pdf converter professional v4 english,nuance communications inc.,99.99
236,readiris pro 11,global marketing partners,129.99
237,persoft upg smarterm office v12 .1 73098 ),persoft,
238,ca brightstor arcserve backup r11 .5 for enterprise option for advantage ingres for,computer associates,
239,designcad v 17,imsi,29.95
240,lotus dev . ws bus int monitor v4.2.4-multi plat mp eng af04mna ),lotus development corp,
241,left behind : ilumina edition,tyndale house,29.99
242,lotus dev . ibm db2 net search extender v. 8.2 media bb0kyna ),lotus development corp,
243,money premium 2007 win32 eng na mini box us only cd,microsoft,118.46
244,microsoft visual studio team edition for software developers 2005 with msdn premium,microsoft,5479.0
245,dora the explorer : dora 's world adventures,activision,19.99
246,microsoft licenses isa server lic/sa olp c ( e8400294 ),microsoft licenses,3210.4
247,netmanage onweb web-to-host v. 5.1 upgrade license 910443-004 ),netmanage,
248,microsoft windows small business server cal 2003 license pack 20 client addpack device,microsoft software,
249,scansoft paperport 11 5 user license,nuance communications inc.,474.99
250,adobe after effects professional 7.0,adobe,999.0
251,microsoft crm small business ed cal 3.0 license pack user cal,microsoft software,9929.0
252,stompsoft registry repair,stompsoft inc.,29.99
253,filemaker mobile 8 for palm os and pocket pc,filemaker,69.0
254,watchguard mobile user vpn 5 user bundle wg3605 ),watchguard technologies inc,
255,diskeeper 2007 pro premier 5-lic pack,diskeeper corporation,736.66
256,hallmark card studio 2005 deluxe,sierra home,49.99
257,ca brightstor arcserve backup r11 .5 for enterprise option for advantage ingres for,computer associates,
258,microsoft visual studio team edition for software architect 2005 with msdn premium,microsoft,5479.0
259,library expansion option-upg,novastor corporation,
260,cisco 2600xm ser ios ip/fw/ids cd26xm-ch = ),cisco systems enterprise,
261,procurve mobility manager 1.0 is a plug-in module for procurve manager plus 2.0,hewlett packard,
262,hp sp linux we 50 lic/cd 3.0 c t3586a ),hewlett-packard - ( consumables ),
263,symantec mail security for smtp 5.0 smb av cd 5u gov,symantec,
264,adobe photoshop cs3 extended [ mac ],adobe,999.0
265,adobe indesign cs3 [ mac ],adobe,699.0
266,intervideo dvd copy 5 platinum,corel,49.99
267,adobe photoshop elements 5.0 / premier elements 3.0 [ lb ],adobe,149.99
268,world of rainbow fish,global-software-publishing,19.99
269,microsoft publisher with digital imaging 2003 [ old version ],microsoft,209.99
270,adobe acrobat 7.0 professional,adobe,449.99
271,microsoft office small business 2007,microsoft software,735.33
272,adobe audition 2.0,adobe,349.0
273,quickbooks credit card processing kit 3.0,intuit,39.95
274,instant immersion italian 2.0,topics entertainment,29.99
275,easy drums ( jewel case ),arcmedia,9.99
276,instant immersion 33 languages,topics entertainment,49.99
277,super solvers spellbound ! ! school edition for mac,learning company,49.95
278,snap ! 1 001 letters ( jewel case ),topics entertainment,19.95
279,the printshop 20,broderbund,29.99
280,startopia,eidos interactive,39.95
281,easy home massage dvd,selectmedia entertainment,19.95
282,elementary success deluxe 2006 ( dw dvd ),topics entertainment,49.99
283,tonka town ( jewel case ),atari,9.99
284,sibelius 5 educational edition,sibelius-software-ltd .,329.0
285,weekly reader preparing for kindergarten,fogware publishing,19.99
286,my maillist & addressbook,mysoftware company,19.95
287,sibelius 5 professional edition,sibelius-software-ltd .,599.0
288,tonka search & rescue 2,infogrames,
289,professional training for vegas 7 and dvd architect 4 sw,sony-pictures-digital-entertainment,249.95
290,talk now ! learn dutch,eurotalk interactive,29.95
291,wacky bird hunter,selectsoft publishing,19.95
292,namco museum 50th anniversary collection,namco video games,19.99
293,treasure galaxy 5-user lab pack for mac,learning company,149.95
294,dk rainbow fish most beautiful fish,dk,9.99
295,madeline rainy day activities,encore software,19.95
296,mighty math number heroes,edmark,29.95
297,superstart ! science arcade,selectsoft publishing,24.95
298,state standards grade 6,topics entertainment,29.95
299,wacky farm,casual arcade,19.95
300,police quest compilation,vivendi games,19.99
301,broderbund printmaster platinum 16.0,encore software,39.99
302,encyclopedia britannica profiles : dinosaurs ( jewel case ),atari,9.99
303,real arcade : adventure inlay,activision,29.95
304,fisher-price rescue heroes : lava landslide,knowledge adventure,
305,tonka raceway xp compatible ( jewel case ),hasbro interactive,29.95
306,quickstart photo montage studio,selectsoft publishing,19.95
307,season ticket football 2003,atari,19.99
308,virusbarrier x4 10.4 for mac-10 users,intego,329.95
309,family tree maker version 16 deluxe,encore,69.95
310,instant architect design suite,imsi design,29.99
311,axis network camera 213 ptz digital video camera 0220-004 ),axis-communication-inc .,
312,norton antivirus 2007,symantec,39.99
313,backyard soccer ( mls edition ),humongous sports,
314,zipmagic personal edition,allume systems,19.95
315,super solvers mission t.h.i.n.k 25 user site license,learning company,399.95
316,f-secure internet security 2007 3 pcs,global-marketing-partners,79.99
317,disney 2nd grade active leveling advantage w buzz ( jewel case ) ages 6-8,disney interactive,9.99
318,ultimate puzzle games,valusoft,19.99
319,poetry fiction and drama ( win/mac ) ( jewel case ),fogware publishing,9.99
320,quicken 2007 premier,intuit,79.95
321,route 66 mobile 7 usa/cdn for windows mobile 5,csdc,149.0
322,adobe premiere pro 2.0,adobe,849.0
323,geometry ( win/mac ) ( jewel case ),fogware publishing,9.99
324,reader rabbit preschool,the-learning-company,29.99
325,cross stitch design studio ( jewel case ),m-and-r-technologies,9.99
326,math missions : the race to spectacle city arcade ( grades k-2 ),scholastic,29.95
327,world of wild cats,arc media inc.,19.95
328,state standards grade 8,topics entertainment,29.95
329,cluefinders 3rd grade adventures : mystery of mathra,learning company,
330,ghostsurf platinum 2006 [ lb ],avanquest publishing usa inc.,39.99
331,instant home cooking ( jewel case ),topics entertainment,9.99
332,spy sweeper [ lb ],webroot software,29.99
333,adobe after effects 7.0 professional ( mac ),adobe,999.0
334,transfer my dvd,avanquest,29.95
335,tlc zoombinis 3rd grade lrng sys 2007 sb cs by riverdeep 10548 ),encore-software-inc,
336,csi : crime scene investigation,ubi soft,19.99
337,jaws,majesco entertainment,19.99
338,sega smash pack 2,activision,19.95
339,post mortem,dreamcatcher interactive,29.99
340,zoboomafoo animal logic cd/workbook combo,brighter minds media inc.,14.99
341,mother goose interactive storybook,encore software,19.95
342,let 's learn about time & date,selectsoft publishing,19.95
343,living trust builder,jian inc.,19.95
344,ubi soft star wars activity center windows ),ubi soft,29.99
345,portfolio media kit be syst recovery 7.0 win small business ed,symantec,50.0
346,mcafee internet security suite 2007 3 users,mcafee,89.99
347,jumpstart advanced 1st grade v2 .0,knowledge adventure,19.99
348,microsoft office & windows training,topics entertainment,29.99
349,middle school success deluxe 2008,topics entertainment,49.99
350,adobe creative suite cs3 design standard upsell [ mac ],adobe,899.0
351,is3 stopzilla 4.0 [ stop spyware pop-ups id theft ],roxio,29.95
352,pc vegas dvd,sony-pictures-home-entertainment,899.99
353,sony vegas 6 + dvd [ old version ],sony-pictures-digital-entertainment,899.95
354,the universe ( win/mac ) ( jewel case ),fogware publishing,9.99
355,zonealarm internet security suite,zone labs,49.99
356,ringtone media studio 2,laplink,19.95
357,print workshop 2007,valusoft,19.99
358,perfect attorney premium,cosmi corporation,39.99
359,adventure workshop 1st-3rd grade 8th edition,encore,19.99
360,fun for kids : preschool kindergarten featuring disney,topics entertainment,29.99
361,adobe creative suite cs3 web standard upsell,adobe,799.0
362,national geographic photo gallery ( jewel case ),topics entertainment,9.99
363,sony psp media manager,sony-computer-entertainment,24.99
364,adobe premiere elements 3.0 [ lb ],adobe,99.99
365,english literature basics ( win/mac ) ( jewel case ),fogware publishing,9.99
366,riverdeep arthur 's kindergarten,riverdeep,
367,big oil : build an oil empire,tri synergy,19.99
368,jumpstart advanced 3rd grade v2 .0,knowledge adventure,19.99
369,tlc arthur 's kindergarten learning system 2008,encore,19.99
370,cosmi talking math & more for kids ( windows ),cosmi,
371,microsoft powerpoint 2004 upgrade ( mac ),microsoft,109.99
372,readiris pro 11 corporate edition,iris inc.,399.99
373,magellan mapsend lakes ( usa south ),magellan,114.66
374,mcafee virusscan plus 2007,mcafee,39.99
375,reel deal casino championship edition,phantom efx,19.99
376,printmaster gold v 17.0,nova development,19.95
377,pc cillin internet sec 2007 lics large box 3u,trend micro,49.95
378,aquarium 3-in-one collection ( win/mac ),encore software,19.99
379,cute ftp,tri synergy,39.99
380,kaspersky anti-virus 6.0,kaspersky lab,59.95
381,restricted area,whiptail,19.99
382,adobe production studio premium,adobe,1699.0
383,merriam-webster 's dictionary ( win/mac ) ( jewel case ),fogware publishing,9.99
384,lego island 2 : the brickster 's revenge ( xp compatible version ),lego media,
385,tank battle,casual arcade,19.95
386,quickstudy u.s. government,selectsoft publishing,19.95
387,home budget for dummies,atari,
388,zonealarm wireless security,encore software,29.99
389,instant immersion japanese 2.0,topics entertainment,19.99
390,encyclopedia of our living oceans,dk multimedia,19.95
391,ultimate pinball ( jewel case ),valusoft,9.99
392,clifford reading pack ( dvd box ),scholastic,19.99
393,microsoft visual studio test agent 2005 cd 1 processor license,microsoft software,5099.0
394,jumpstart advanced 2nd grade v2 .0,knowledge adventure,19.99
395,world history ( win/mac ) ( jewel case ),fogware publishing,9.99
396,quickbooks premier non-profit edition 2005,intuit inc.,499.95
397,quickstart pc cleaner xp,selectsoft publishing,19.95
398,crayola first ladies costume maker,encore software,19.95
399,arcmedia spelling bee ( windows/macintosh ),arcmedia,24.95
400,pokemon team turbo ( jewel case ),valusoft,9.99
401,south park chef 's luv shack,acclaim,39.95
402,blues clues preschool,humongous entertainment,
403,backyard skateboarding,atari,
404,cosmi rom07524 print perfect business cards dvd,cosmi,
405,vivaldi 's musical adventure pod,fogware publishing,9.95
406,cluefinders 3rd grade,the learning company,
407,rayman 10th anniversary collection,ubi soft,19.99
408,before you know it deluxe spanish edition for pc/mac,encore software,29.99
409,pdf converter 4,nuance,49.95
410,er,vivendi universal,19.99
411,podmaxx '07,bling,29.99
412,adobe creative suite cs3 web premium upsell [ mac ],adobe,1399.0
413,human body 360,megasystems,29.99
414,web radio recorder,magix entertainment,
415,bodyworks 6.0 25-user building site license,learning company,399.95
416,virtual labs : light,edmark,19.95
417,pressure pop !,selectsoft publishing,19.95
418,essential business tools 2.0,valusoft,19.99
419,let 's make stickers,global software publishing,19.95
420,student home learning system for pc/mac,fogware publishing,139.99
421,3mds network operations manager diy annual subscptn 101 500u,3m,
422,model web publisher 3.5.2 .,computer-associates-international,
423,microsoft licenses word olp c ( 05903871 ),microsoft licenses,205.73
424,vpn manager five to ten firebox,watchguard technologies inc,1995.0
425,hoyle card games 2007,encore software,29.99
426,ca arcserve bkup protection suite exch r11 .5 upgrade prod only,computer associates,
427,victorymul submitwolf version 6.0 swolf6r ),victory multimedia,149.99
428,zonealarm anti-spyware,zone labs,29.99
429,the guild 2 pirates of the seas,dreamcatcher interactive,29.99
430,child safe 3-pc,webroot software,39.95
431,microsoft windows server 2003 client additional license for devices 5 pack,microsoft,209.0
432,cell phone software solution,susteen,113.1
433,mediapilot kit,susteen,39.95
434,upgrade pitstop server 3.5 1u win 2k/xp & mac os 10.2.8,enfocus software,499.0
435,media kit storage foundation basic lnx v4 .1 cpu vol-4 file sys-4,veritas,
436,sudoku puzzle addict : unlimited edition,global-software-publ-na,
437,aircraft power pack for ms flight simulator,red mile,29.99
438,winway resume deluxe 11.0 network 10,nova development,
439,sym clt security 3.1 scs media cd en,symantec media,28.0
440,researchsoft endnote 9 student edition for students [ old version ],isi researchsoft,109.99
441,sony acid music studio,sony-pictures-digital-entertainment,69.99
442,microsoft licenses biztalk hipaa std . sa only ( u0200024 ),microsoft licenses,4215.77
443,microsoft windows small business server premium 2003 r2 upgrade cd/dvd 5 client,microsoft,709.0
444,jumpstart 1st grade,knowledge adventure,
445,instant landscaping 3.0 [ lb ],topics entertainment,19.99
446,topics presents : ancient civilizations ( 4 cd set ),topics entertainment,29.99
447,simple movie maker,topics entertainment,19.99
448,instant play electric guitar ( jewel box ),topics entertainment,6.99
449,boomerang webpage designer gold,boomerang,
450,x-oom mp3 radio recorder windows ),x-oom,
451,zonealarm firewall pro 5 ( free upgrade to new version ),zone labs,
452,adobe after effects cs3,adobe,999.0
453,phonics success deluxe 2006 ( large box ),topics entertainment,49.99
454,land before time : preschool,brighter-minds-media-inc .,9.99
455,brainfood games cranium collection 2006,encore software,19.99
456,clickart fonts ( 2006 ) by encore,encore software,19.99
457,national geographic presents : redshift 5 planetarium software,topics entertainment,39.99
458,stationery design studio,summit software,19.99
459,anti-spyware 3.0 win normal 1u new,trend micro,48.91
460,snap ! 8 player poker 5 pack,topics entertainment,29.06
461,alien disco safari,encore,19.99
462,emc retrospect 7.5 svr 1-client windows,dantz,249.0
463,kaplan sat/act/psat platinum 2007 win/mac,topics entertainment,49.99
464,ae painter v9 win/mac box,corel corp,166.19
465,adobe creative suite cs3 web standard upgrade [ mac ],adobe,399.0
466,timbuktu remote control softwre 10 licenses for windows,netopia,
467,sat act and psat 2007 platinum,topics entertainment,58.5
468,treasure mathstorm,the-learning-company,29.99
469,ae mappoint 2006 cd,microsoft corp,49.95
470,cisco security desktop agent csa-b250-dtop-k9 ),cisco systems ( ciscopro ),
471,photoshop elements 4 mac retail eng 1u ( 19230169 ),adobe,145.39
472,ov data protector open file 5-wk v. 9 ltu incl ltu for 5 win nt/2000/xp workstati,hewlett packard,
473,pro photo essentials plug in suite & iview mediapro 3,onone software,499.95
474,microsoft asp net web matrix,microsoft,30.0
475,tinyterm v4.x 5u windows terminal emulation ( tt-5 ),century software,705.21
476,ae outlook 2007 win32,microsoft corp,
477,mindjet mindmanager 7 mac single license,mindjet,129.0
478,sonicwall comprehensive gateway security suite 1 year upgrade plan 01-ssc-5845 ),sonic systems inc. .,
479,sound studio 3 : record edit add effects to audio ( mac ),freeverse software,79.99
480,jumpstart world 1st grade,knowledge adventure,19.99
481,art explosion t-shirt factory deluxe 3.0,nova development,29.99
482,window washer,webroot-software-inc,
483,child safe,webroot software,39.95
484,adobe premiere elements 3.0,adobe,161.73
485,on hand spanish 1-2-3 windows ),on-hand-software,9.99
486,pcanywhere 11.0 host only cd-rom xp 98 nt w2k me,symantec,
487,crystal reports 11 reporting essentials trng cbt,business objects,199.99
488,star wars battlefront ( mac ),aspyr media,39.99
489,flyboys squadron mac,ientertainment,29.99
490,microsoft visual studio professional 2005 upgrade,microsoft software,549.0
491,hollywood volume 1,yamaha,31.95
492,microsoft productivity pack for windows mobile,microsoft,29.99
493,adobe encore dvd 2.0,adobe,349.0
494,webobjects 5.2,apple,699.95
495,serious magic ultra2 master sets library 2 windows ),serious magic,276.5
496,microsoft windows vista business 32-bit for system builders,microsoft,179.99
497,microsoft data analyzer 2002,microsoft,179.0
498,mavis beacon typing 17 deluxe by broderbund,encore software,39.99
499,symantec pcanywhere 12.0 host only,symantec,169.65
500,the printshop business card maker ( jewel case ),riverdeep-learning-company,9.99
501,microsoft digital image suite plus [ lb ],microsoft software,129.95
502,symc backup exec sbs prm 11d win small business server,symantec,885.83
503,hallmark card studio 2006,sierra home,29.99
504,adobe audition 2.0 upgrade,adobe,129.0
505,norton internet security mac 3.0 [ antivirus firewall privacy controls iclean ],symantec,99.95
506,corel wordperfect office 12 standard upgrade,corel,149.99
507,raster design 2006 essentials,autodesk psg,59.95
508,acrobat professional 8 mac upsell standard-professional,adobe,273.0
509,services for netware 5.0,microsoft,149.0
510,reader rabbit learning system 1st grade,encore software,29.99
511,microsoft publisher 2007 version upgrade,microsoft,99.95
512,microsoft windows xp professional upgrade with sp2,microsoft software,199.99
513,mavis beacon typing 17 ( win/mac ),encore software,19.99
514,microsoft windows vista ultimate upgrade [ dvd ],microsoft,259.95
515,instant immersion spanish deluxe 2.0,topics entertainment,49.99
516,adobe creative suite cs3 design premium upgrade [ mac ],adobe,599.0
517,adobe photoshop cs3 [ mac ],adobe,649.0
518,microsoft office 2004 standard upgrade ( mac ),microsoft,239.99
519,microsoft student with encarta premium 2008 dvd,microsoft,49.95
520,quickbooks premier nonprofit edition 2007,intuit,399.95
521,microsoft sql server developer edition 2005 cd/dvd,microsoft software,49.95
522,microsoft visio standard 2007,microsoft,259.95
523,microsoft windows vista ultimate full version [ dvd ],microsoft,399.95
524,apple final cut express hd 3.5 ( mac ),apple computer,299.0
525,corel painter x win/mac,corel,429.0
526,cadopia 6 standard edition by cadopia,global marketing partners,295.0
527,adobe premiere elements 3.0,adobe,99.99
528,quickbooks simple start 2007,intuit,99.95
529,zoo tycoon 2 : marine mania expansion,microsoft,19.99
530,learning company kid pix deluxe 4,encore software,19.99
531,microsoft windows server 2003 client additional license for users-5 pack,microsoft,809.0
532,quickbooks pro 2007 for mac ( mac ),intuit,199.95
533,upgrade freehand 11 maceng cd 1u,adobe,274.95
534,imsi resume writer deluxe [ lb ],imsi design,19.95
535,microsoft windows live onecare 1.5 online pc care subscription [ 12 months ],microsoft,49.95
536,adobe photoshop elements 4.0 ( mac ),adobe,89.99
537,apple . mac 4.0 online service,apple,99.95
538,apple iwork '06 ( mac dvd ),apple,79.0
539,learning quickbooks 2007,intuit,39.95
540,ulead videostudio 11 plus,corel,129.99
541,microsoft onenote 2007,microsoft,99.95
542,apple ilife '06 ( mac dvd ) [ older version ],apple computer,79.0
543,adobe photoshop cs3 upgrade [ mac ],adobe,199.0
544,microsoft windows xp home edition full version with sp2,microsoft,199.0
545,microsoft flight simulator x deluxe dvd,microsoft,49.95
546,adobe photoshop elements 5.0 premiere elements 3.0 bundle,adobe,149.99
547,microsoft outlook 2007,microsoft,109.95
548,quickbooks pro 2007 small business financial software,intuit,199.95
549,adobe acrobat capture 100 000 page pack,adobe,1514.99
550,windows vista business spanish full version [ dvd ],microsoft,329.95
551,symc backup exec sbs aws 11d win sbs agent for windows systems,symantec,447.74
552,corel snapfire plus [ ignite photo fun ],corel,39.99
553,adobe indesign cs3 upgrade from pagemaker,adobe,199.0
554,instant immersion german deluxe 2.0,topics entertainment,39.99
555,scooby doo glowing bug man ( jewel case ),encore software,9.99
556,instant immersion italian deluxe 2.0,topics entertainment,49.99
557,adobe creative suite cs3 production premium,adobe,1699.0
558,instant immersion spanish 2.0,topics entertainment,29.99
559,adobe dreamweaver cs3 [ mac ],adobe,399.0
560,symc backup exec aofo 11d win advanced open file option,symantec,769.49
561,quicken 2007 basic,intuit,29.95
562,adobe dreamweaver cs3 upgrade [ mac ],adobe,199.0
563,macromedia director 10 mx 2004,adobe,2171.7
564,h & r block taxcut 2006 premium federal,h & r block,19.99
565,adobe creative suite cs3 web premium [ mac ],adobe,1599.0
566,apple garageband jam pack : symphony orchestra,apple,99.0
567,h & r block taxcut 2006 home & business + state,h & r block,79.99
568,dv rack 2 win retail ue1u,adobe,908.69
569,exchange svr ent 2007 x64 eng dvd 25 clt,microsoft,11318.25
570,professor teaches windows xp,individual software,19.99
571,microsoft visio standard 2007 version upgrade,microsoft,129.95
572,adobe dreamweaver cs3 upgrade,adobe,199.0
573,coreldraw graphics suite x3 upgrade,corel,179.0
574,microsoft mappoint 2006 with gps,microsoft,349.0
575,millionaire sports edition ( jewel case ),disney interactive,9.99
576,cluefinders 3rd grade adventures : mystery of mathra,the learning company,24.99
577,quicken 2007 home & business,intuit,89.95
578,microsoft office excel 2007,microsoft,229.95
579,h & r block taxcut 2006 premium federal + state + efile,h & r block,59.99
580,quickbooks premier edition 2007 5 user multi-pack,intuit,1499.95
581,hoyle board games,encore,9.99
582,apple garageband jam pack : remix tools,apple,99.0
583,roxio popcorn 2 ( mac ),roxio,49.95
584,microsoft windows vista business full version [ dvd ],microsoft,299.95
585,intervideo windvd 8 platinum,corel,69.99
586,quickbooks premier professional services edition 2007,intuit,399.95
587,microsoft word 2007 version upgrade,microsoft,109.95
588,adobe creative suite cs3 design standard [ mac ],adobe,1199.0
589,quicken 2007 deluxe,intuit,59.95
590,apple garageband jam pack : world music,apple,99.0
591,apple iwork '06 family pack ( mac dvd ) [ older version ],apple,99.0
592,adobe after effects cs3 upgrade,adobe,299.0
593,adobe indesign cs3 upgrade [ mac ],adobe,199.0
594,corel wordperfect office x3 professional edition,corel,399.99
595,flash remoting 1 alp ret eng cd 1u,adobe,1657.06
596,swat 4 : special weapons and tactics,vivendi universal,19.99
597,adobe creative suite cs3 design premium [ mac ],adobe,1799.0
598,adobe pagemaker v7 .0.2 cd mac-upg 17530402 ),adobe,138.45
599,instant immersion french deluxe 2.0,topics entertainment,49.99
600,apple . mac 4.0 online service family pack,apple,179.95
601,jumpstart kindergarten,knowledge adventure,19.99
602,adobe creative suite cs3 design standard upgrade [ mac ],adobe,399.0
603,apple aperture 1.5,apple,299.0
604,microsoft office small business 2007 full version,microsoft,449.95
605,microsoft word 2004 ( mac ),microsoft,229.99
606,microsoft office 2004 professional ( mac ),microsoft,499.99
607,broderbund print shop 21 deluxe,encore software,49.99
608,adobe creative suite cs3 web premium upgrade [ mac ],adobe,499.0
609,quicken 2007 for mac,intuit,69.95
610,mavis beacon teaches typing deluxe 16,broderbund,39.99
611,quickbooks premier manufacturer and wholesale edition 2007,intuit,399.95
612,corel ventura 10 dvd,corel,699.0
613,math missions : the amazing arcade adventure grades 3-5,scholastic,19.99
614,microsoft works suite 2006,microsoft,99.0
615,adobe creative suite cs3 design standard upgrade,adobe,399.0
616,microsoft windows vista home basic upgrade [ dvd ],microsoft,99.95
617,norton antivirus mac 10.0 ( mac ),symantec,69.95
618,pop-up stopper professional,panicware,29.99
619,ideasoft photo clip art 10 000,nova development,
620,adobe premiere pro cs3,adobe,799.0
621,entertainment partners budgeting ( mac ),entertainment partners,699.0
622,emedia intermediate guitar method win/mac,emedia,59.99
623,super collapse 3,mumbo jumbo,19.99
624,timbuktu remote control softwre 2 licenses for windows & mac,netopia,199.99
625,apple final cut studio 2 upgrade from final cut studio ( mac ),apple,499.0
626,steinberg halion symphonic orchestra virtual instrument ( academic version ),steinberg,374.99
627,reader rabbit kindergarten version 1.1,the learning company,9.99
628,delorme topo usa mapping software 6.0 west region,delorme,49.95
629,soho labels & envelopes chronos l.c.,chronos,29.99
630,stopzilla 4.0,roxio,47.33
631,h & r block taxcut 2006 premium federal + state with usb 256m flashdrive,h & r block,39.99
632,microsoft windows xp professional full version with sp2,microsoft,299.99
633,sportsman 's double play,masque,
634,phase one capture one pro win/mac,phase one,499.0
635,family tree maker version 16 essentials,encore,29.95
636,mavis beacon teaches typing deluxe v17,encore software,39.99
637,mah jong quest,united developers,
638,apple final cut studio 2 upgrade from final cut pro ( mac ),apple,699.0
639,cosmic blobs : lab rat edition ( win & mac ),solidworks corporation,39.99
640,alsoft diskwarrior : mac univeral binary,alsoft,
641,sims 2 nightlife expansion pack,aspyr media,34.99
642,adobe flash pro cs3 [ mac ],adobe,699.0
643,40 years of the avengers,git corp,49.99
644,microspot macdraft pe ( mac ),microspot ltd.,99.95
645,microsoft virtual pc for mac 7.0 with windows xp home,microsoft,219.99
646,instant immersion german audio,topics entertainment,
647,readiris pro 11 corporate edition ( mac ),iris,499.95
648,internet security barrier x4 antispam edition,intego inc,
649,mcafee total protection 2007 3 users,mcafee,99.99
650,symantec gateway security 300 series 10Â 10224341 ),symantec,349.0
651,vuvideo anywhere for your ipod,abacus software,29.95
652,quickverse mac bible study 2007 white box,findex,59.95
653,3d home architect home design deluxe version 9,encore,29.99
654,acrobat professional 8 ( windows ),adobe,273.0
655,art ( dvd ) ( pc & mac ),fogware publishing,29.99
656,wanted : a wild western adventure,dreamcatcher interactive,29.99
657,emedia guitar basics,emedia music,
658,webexpress,ingram micro,69.99
659,more brain games,csdc,9.99
660,usa/world extreme landscapes bundle,abacus,39.95
661,adobe cs3 design standard macosx dvd,adobe,399.0
662,microsoft windows terminal server 2003 client additional license for users - 5 user,microsoft,669.0
663,macdrive 7,mediafour corporation,49.95
664,snap ! hair styler studio,topics entertainment,4.99
665,photo go,sony-media-software,24.95
666,riding academy : jump & ride,viva media,19.99
667,toysight gold for isight : includes 15 games ( mac ),freeverse software,29.99
668,ford racing 2 ( mac ),feral interactive,19.99
669,printmaster gold v 17.0,encore software,19.99
670,gorilla 4 standard,jungle software,299.0
671,sonic mega collection plus,sega-of-america-inc .,19.99
672,scholastic brain play : pre-kindergarten 1st grade,topics entertainment,19.99
673,bryce 6,re : launch,109.95
674,school zone flash action addition/subtraction ( windows/macintosh ),school zone,12.99
675,art explosion 600 000 images,nova development,79.99
676,lightroom 1 mlp retail ue 1u,adobe,299.0
677,mcsa/mcse self-paced training kit ( exams 70-292 & 70-296 ) upgrading your certi,microsoft,70.0
678,instant immersion german v2 .0 ( pc & mac ),topics entertainment,29.99
679,x-plane deluxe including 7 double layer dvds ( mac ),navarre ( software ),59.95
680,datapilot cell phone data transfer suite universal,susteen,79.99
681,hospital tycoon for pc,warner-new-media,29.99
682,mozy 3.0,simply-put-software-llc,
683,math advantage 2008,encore,39.99
684,route 66 route canada ( french ),csdc,
685,the sims 2 : open for business expansion pack,aspyr media,34.99
686,lego star wars ( dvd ) ( mac ),aspyr media,29.99
687,grisoft avg anti-virus & anti-spyware 2 year subscription,grisoft,39.95
688,phase one capture one le,phase one,
689,family tree maker version 16 collectors edition,encore software,
690,sims 2 university expansion pack,aspyr media,34.99
691,dk amazing animals 1.1,global-software-publishing,9.99
692,sunset boulevard,yamaha,31.95
693,kakuro puzzle addict unlimited edition,global-software-publishing,9.99
694,eovia carrara 5 pro,eovia,
695,global software smart steps 1st grade windows macintosh ),global software,
696,wild photo effects ( jewel case ),on-hand-software,9.99
697,amazing animals with zoofari games ( win/mac ),global software,
698,morpheus photo animation suite,smith-micro-software-inc .,49.99
699,scrapbook for windows,abacus,
700,sims complete,aspyr media,49.99
701,airline tycoon deluxe,topware interactive,19.99
702,intellimover transfer your pc deluxe,nova development,69.99
703,dk exotic animals africa,global-software-publishing,9.99
704,ilisten with headset microphone 1.7,csdc,
705,professional home design suite platinum,punch ! software,99.95
706,world of warcraft expansion : burning crusade,blizzard entertainment,39.99
707,sudoku puzzle addict,global-software-publishing-north-america-inc,6.99
708,alliance future combat,strategy first,19.99
709,dk smart steps 3rd grade,global-software-publishing,9.99
710,marine aquarium 2.0 ( mac ),encore,19.99
711,family tree maker 2008 platinum,encore,99.95
712,spongebob squarepants typing 2008 win/mac,encore software,19.95
713,call of duty deluxe ( mac ) ( dvd ),aspyr media,39.99
714,gsp crossword addict,global-software-publishing-north-america-inc,9.99
715,mike garson jazzical suite,yamaha,34.95
716,avid liquid pro,avid technology,1942.6
717,learn to play chess with fritz & chesster 2 ( mac ),viva media,29.99
718,land before time : kindergarten,brighter-minds-media-inc .,9.99
719,best of card games ( jewel case ),on-hand-software,9.99
720,3ds max 9 com new slm,autodesk-m - & - e-box,3495.0
721,backpack journalist,honest technology,79.99
722,steinberg nuendo 3 digital audio software,steinberg,2499.0
723,learn2 training for microsoft excel,topics-entertainment-software - ( consignment ),9.99
724,simply put software got ta sing windows/macintosh ),simply-put-software,
725,omniweb 5.0,omni group,29.99
726,simply put software data eliminator,simply-put-software,
727,ibm viavoice advanced v. 10,nuance-communications-inc .,
728,firstedge v 2.0 ( mac ),myob us,99.95
729,doom 3 ( dvd ) ( mac ),aspyr media,39.99
730,f/a -18 operation iraqi freedom,graphics-simulations-corporation,39.99
731,instant immersion italian platinum,topics entertainment,129.99
732,civilization iv warlords ( mac ),aspyr media,29.99
733,clickart 1.2 million dvd 2006 by broderbund,encore software,49.99
734,middle school success essentials,topics entertainment,29.99
735,adventure workshop preschool ( jewel case ),encore software,29.99
736,adobe creative suite cs3 production premium upgrade,adobe,799.0
737,adobe photoshop cs2 ( mac ) [ old version ],adobe,649.0
738,print shop 22 deluxe,encore,49.99
739,iris readiris pro 11.0 ( mac ),i.r.i.s.,129.95
740,chessmaster 9000 ( mac ),feral interactive,39.99
741,illustrator cs3 13 mac ed 1u,adobe-education-box,199.0
742,star wars empire at war ( intel only macs ),aspyr media,49.99
743,acrobat pro 8 mac ed 1u cd,adobe-education-box,159.0
744,mariner calc speadsheet ( mac ),mariner software,59.99
745,diner dash ( pc & mac ),brighter minds,14.99
746,marketcircle daylite v3 .0 ( mac ),csdc,149.0
747,lego star wars ii : the original trilogy for mac,feral interactive,39.99
748,rollercoaster tycoon 3 : soaked,aspyr media,19.99
749,retrospect 6.0 desktop mac,dantz,99.99
750,microspot interiors ( mac ),microspot ltd.,99.95
751,project x project management software,marware,199.95
752,age of empires iii,destineer,49.99
753,microsoft office & windows training professional,topics entertainment,49.95
754,internet cleanup 3.0,aladdin systems,29.99
755,micromat protogo,micromat,
756,44 years of the fantastic four,git corp,49.99
757,rise of nations : gold ( mac ),macsoft,49.99
758,circus ponies-notebook 2.0 mac os,csdc,49.95
759,humorous greeting card factory,nova development,29.99
760,panda software antivirus & firewall 2008 windows,panda software,
761,microsoft visual studio team edition for software testers 2005 w/msdn premium renewal,microsoft software,2309.0
762,i transfer dvds 2 ipod edition ( win/mac ),me-too-software,29.99
763,station access collection,sony-creative-software,29.99
764,agatha christie : and then there were none,dreamcatcher interactive,29.99
765,unreal tournament 2004 dvd-rom ),atari,29.99
766,brothers in arms : road to hill 30 ( dvd-rom ),ubi soft,19.99
767,command and conquer generals deluxe dvd-rom ( mac ),aspyr media,59.99
768,battlefield 1942 : deluxe edition,electronic arts,29.99
769,power director 3,avanquest-publishing-usa-inc .,79.95
770,cosmi rom03558 print perfect clip art deluxe,cosmi,
771,e frontier poser 6 collector 's edition with volume 1 figure pack ( mac ),curious-labs-inc .,279.99
772,adobe illustrator cs3 [ mac ],adobe,599.0
773,microsoft office mac 2004 english 3pk dsp 731-01163 ),microsoft corporation,
774,adobe software acrobat pro upgrd pro-pro mac ( adbcd01798mc ),adobe software,273.0
775,quake 4 ( mac ),aspyr media,39.99
776,micromat techtool pro 4 ( mac ),micromat,99.99
777,varmint hunter ( jewel case ),encore,9.99
778,hoyle casino 2007,encore,19.95
779,3d home architect landscape v. 8 by encore software,encore software,39.99
780,hoyle backgammon jc,encore,7.99
781,microsoft excel 2004 ( mac ),microsoft,229.99
782,pc hoyle bridge,encore software,9.99
783,corel dvd moviefactory 6.0,corel,49.99
784,axis & allies collector 's edition,encore,19.99
785,jewels of cleopatra,encore software,19.95
786,jeopardy! deluxe,encore,19.99
787,hoyle 4-pack 2006,encore software,19.95
788,hoyle puzzle & board games,encore software,19.95
789,hoyle mahjongg ( jewel case ),encore,9.99
790,scrabble champion edition,encore,19.95
791,hoyle kids ' games jc,encore,9.99
792,cyberchase adventures : carnival chaos and casablanca quest,brighter-minds-media-inc .,19.99
793,hoyle south beach solitaire,encore,9.99
794,monopoly 3,encore,9.99
795,ca arcserve bkup r11 .5 win client vss software snap-shot - prod only,computer associates,
796,ulead videostudio 11,corel,89.99
797,zero-g pro pack for garageband ( appleloops ),zero-g,169.95
798,hoyle solitaire ( jewel case ),encore,9.99
799,hp dss software v. 4.0 complete package t1936aa ua0 ),hewlett-packard - ( consumables ),630.36
800,calendar creator 10,broderbund,29.99
801,ulead systems dvd workshop 2,ulead systems,494.99
802,final draft 7/syd field 's screenwriting workshop dvd bundle,final draft,249.99
803,adobe creative suite cs3 master collection [ mac ],adobe,2499.0
804,digidesign music production toolkit ( pro tools le ),digidesign,495.0
805,hoyle texas hold 'em poker ( jewel case ),encore,9.99
806,chicken hunter : license to grill the great poultry race,encore,9.99
807,media studio for psp standard editon,encore software,29.99
808,3d home architect landscape designer v8,encore software,29.99
809,hoyle : classic collection 2006,encore,19.99
810,monopoly here & now,encore,19.95
811,chicken hunter wanted jc,encore,9.99
812,extensis smartscale 1-user pxe-11433 ),extensis corporation,
813,notetaker 1.5,aquaminds,69.99
814,business plan writer deluxe 8.0 2005,nova development,99.99
815,extensis intellihance pro 4.x win/mac,extensis corporation,199.99
816,microsoft visual studio team suite 2005 with msdn premium ( cd & dvd ),microsoft,10949.0
817,macjournal v4 ( mac ),csdc,39.95
818,canopus 77010158100 let 's edit,canopus,99.0
819,mavis beacon 17 standard,encore software,19.95
820,riverdeep adventure workshop 4th-6th grade 8th edition,riverdeep,
821,adventure workshop preschool-1st grade 8th edition,encore,19.99
822,sharks 2.0 ( pc & mac ),e-b-c-marketing,19.99
823,microsoft word 2004 upgrade ( mac ),microsoft,109.99
824,vegas 6 for pc,sony-pictures-home-entertainment,599.99
825,sony vegas 6,sony-pictures-digital-entertainment,599.95
826,motu digital performer 5 digital audio software ( mac only ),motu,795.0
827,m-audio pro tools m-powered 7.3 m-audio compatible world-class production software,m-audio,299.99
828,pinnacle mobile media converter,pinnacle,29.99
829,avid liquid vs 7 software,avid technology,888.75
830,acad corel painter x pc/mac,corel,155.22
831,rainbow fish and the whale ( win/mac ),global-software-publishing,9.99
832,global software smart steps 2nd grade windows macintosh ),global software,
833,punch ! viacad 2d/3d,punch ! software,99.0
834,vegas 7 + dvd/soundforge8bundl,sony media,722.0
835,handmark oxford american desk dictionary and thesaurus,handmark inc. .,
836,i love the usa,global-software-publishing,9.99
837,adobe photoshop cs3 extended upgrade [ mac ],adobe,349.0
838,computrace lojack for laptops 3 year license ( mac ),absolute software,99.95
839,adobe photoshop cs3 extended,adobe,999.0
840,digital video and audio production book for vegas 7 + dvd,sony-pictures-digital-entertainment,49.35
841,studio movieboard plus pci hardware,pinnacle,251.55
842,10 outlet metal split surge,fellowes,
843,kensington contour pro 17 notebook carrying case ( 62340 ),kensington,89.99
844,now up-to-date & contact v5 .0 ( mac ),now software,
845,iplaymusic beginner guitar lessons for the mac and ipod,iplaymusic,49.99
846,discrete drums : vol .1,sony-media-software,59.95
847,vpn client software 5 users,d-link systems inc. .,
848,safekeeper plus,bling software,
849,hp c7130b color laserjet 5550 500-sheet input tray,hewlett packard,
850,kensington contour pro xbrace notebook carrying case ( 62236 ),kensington technology group,
851,punch ! professional home design platinum v10,punch ! software,99.0
852,cinescore professional soundtrack edition,sony-pictures-digital-entertainment,249.95
853,onone essentials for adobe photoshop elements,onone software,59.95
854,bookkeeper 2008,individual software,39.99
855,micromat podlock ( mac ),micromat,69.0
856,videostudio 11 plus,corel,
857,cakewalk sonar home studio 6 xl,cakewalk,209.0
858,microsoft onenote 2007 upgrade,microsoft,79.95
859,onone software intellihance pro 4.1,onone software,
860,apple ilife '06 family pack ( mac dvd ) [ older version ],apple computer,99.0
861,creating keepsakes scrapbook designer version 2 platinum,riverdeep-learning-company,39.99
862,cakewalk project5 version 2,cakewalk,259.0
863,cubase se3 educational edition,steinberg,
864,vocabulary puzzles grade 1,school zone,14.95
865,cakewalk sonar home studio 6,cakewalk,139.0
866,system care professional,avanquest,49.95
867,punch ! ultimate deck and landscape,punch ! software,29.0
868,live bingo,imagination-international-corp,
869,upgrade crystal reports 11 pro french,business objects,479.78
870,tiny term emulator v4 .3 x,century software,219.63
871,apple garageband jam pack : rhythm section,apple,99.0
872,bingo dvd tv game,imagination international,17.99
873,quickbooks point-of-sale pro with hardware bundle 6.0,intuit,1749.95
874,peachtree by sage premium accounting for manufacturing 2007 multi user ( up to 5 users ),sage software,1199.99
875,century software tinyterm plus v. 4.0 complete product,century software,
876,adobe soundbooth cs3 [ mac ],adobe,199.0
877,timbuktu remote control softwre 1 license for mac os,netopia,
878,poser figure artist,efrontier,99.99
879,sony sound forge 9 boxed upgrade,sony media,232.05
880,super granny 3,encore software,19.99
881,the print shop 22 deluxe sb cs by the print shop,encore software,49.95
882,marine aquarium + sharks,encore software,9.95
883,adobe creative suite cs3 production premium,adobe,1699.0
884,checkmark multiledger,checkmark software,399.0
885,ipswitch inc ws ftp pro 9 sdk w / ws ftp pro wd-1000-0900 ),ipswitch inc,395.0
886,123 movies 2 ipod w / av cables umd size,bling,29.99
887,hoyle bridge club,encore,29.95
888,microsoft oem 3pk xp home edition sp2 n09-01624 ),microsoft corporation,
889,scrabble champion edition,encore,19.95
890,instant immersion japanese deluxe 2.0,topics entertainment,39.99
891,ilisten ( mac ),macspeech inc.,99.99
892,adobe premiere pro cs3,adobe,799.0
893,starship troopers/first to fight bundle,destineer,19.95
894,art text,belight software,49.95
895,hoyle card games 2007,encore software,19.99
896,reel deal slots mystic forest,phantom efx,19.95
897,adobe creative suite cs3 production premium upsell,adobe,1199.0
898,risk ii jc,encore,9.99
899,onone genuine fractals 5 full 1u,onone software,159.95
900,sims 2 seasons expansion pack,aspyr media,34.99
901,partition commander 10,avanquest,49.95
902,sony sound effects series vol 1 through 10,sony-pictures-digital-entertainment,
903,mavis beacon teaches typing 17 standard,encore software,19.99
904,vault360 combo,navarre ( software ),29.95
905,efrontier anime studio pro ( win/mac ),efrontier,199.99
906,monopoly here & now,encore,19.95
907,hoyle card games ( jewel case ),encore software,9.99
908,gorilla 4 pro,jungle software,399.0
909,oxford world encyclopedia,tri synergy,19.99
910,adobe creative suite cs3 master collection upgrade [ mac ],adobe,1399.0
911,obscure,dreamcatcher interactive,19.99
912,network now ! pro by encore,encore software,39.99
913,starry night galaxy explorer ( pc & mac ),imaginova,9.99
914,hasbro classic collection 2006 ),encore,19.99
915,allegro 2005,makemusic !,199.99
916,professor fuji 's sudoku ( jewel case ),encore software,9.99
917,elementary advantage 2008,encore software,
918,recam remote monitoring software,mobi-technologies-inc .,129.0
919,sudoku unlimited + crossword addict 2cd set,global-software-publishing-north-america-inc,19.99
920,mobi recam camera monitoring and notification software,mobi,119.99
921,the little mermaid/beauty and the beast,yamaha,34.95
922,sharks 2.0,encore software,19.95
923,adobe illustrator cs3 upgrade [ mac ],adobe,199.0
924,hoyle casino ( 2007 ),encore,19.99
925,instant play guitar deluxe v2 .,topics entertainment,39.48
926,pc hoyle jewels : swap & drop it,encore software,9.99
927,gorilla 4 student,jungle software,199.0
928,jeopardy,encore,9.99
929,your desktop post office for pc,stamps.com,14.99
930,adobe contribute cs3 [ mac ],adobe,149.0
931,dance 6,digital-leisure-inc .,39.95
932,registry mechanic 5.x pc system repair,pc tools,29.95
933,axis & allies ( jewel case ),encore,9.99
934,panda antivirus 2007,panda software,29.95
935,corel dvd moviefactory 6.0 plus,corel,79.99
936,defcon,encore,
937,symc backup exec sbs std 11d win small business server standard,symantec,811.21
938,typing instructor deluxe ( jewel case ),individual software,9.99
939,bias peak pro 5 macintosh ),bias,599.0
940,freestyle street basketball,sierra online,19.99
941,webroot spy sweeper with antivirus family edition 3 pcs,webroot software,49.95
942,my guitar,emedia,29.95
943,rome total war gold edition,sega-of-america-inc .,19.99
944,registry mechanic by encore software,encore software,46.52
945,classification & ecology ( win/mac ) ( jewel case ),fogware publishing,9.99
946,the print shop 21 deluxe by broderbund,encore software,
947,britannica deluxe,avanquest software,29.95
948,creating keepsakes scrapbook platinum v. 3 sb cs by riverdeep,encore software,39.99
949,leave the lights on ( mac ),aspyr media,9.99
950,apple logic pro 7.2 upgrade,apple,299.0
951,microspot macdraft professional ( mac ),microspot ltd.,349.99
952,nero 7 ultra edition enhanced,nero inc.,99.99
953,digital vault,stompsoft inc.,29.99
954,audition 2 win ed ue 1u,adobe-education-box,149.0
955,turbocad mac 3d for mac,imsi,249.99
956,apple logic pro 7.2 retail,apple,999.0
957,peachtree by sage premium accounting 2007 accountants ' edition,sage software,499.99
958,onone plug-in suite 3 for adobe photoshop,onone software,399.95
959,stompsoft digital file shredder pro,stompsoft inc.,24.99
960,make music finale 2008 academic,emedia,350.0
961,vegas movie studiodvd +8 plat,sony media,129.95
962,gods & heroes : rome rising,sony-online-entertainment,49.99
963,synet pc sharing kit ( w/17ft usb ext.cable ),synet-electronics-inc .,
964,math 2,school zone,9.99
965,pinnacle mobile media organizer,pinnacle,49.99
966,gmp data rescue license 24300 ),global-marketing-partners,349.0
967,mavis beacon teaches typing 16,broderbund,19.99
968,intervideo windvd 8 gold,intervideo,49.99
969,talk now ! learn afrikaans beginning level,eurotalk,29.99
970,computrace lojack for laptops : 3 year subscription,absolute software,99.99
971,instant immersion ingles audio deluxe,topics entertainment,
972,i copy dvd 's 2,me-too-software,49.99
973,computrace lojack for laptops : 1 year subscription,absolute software,49.99
974,sony vegas movie studio + dvd 8 platinum edition,sony media,129.95
975,computrace lojack for laptops 1 year license ( mac ),absolute software,49.95
976,iaudioize magnetic time for pc and mac,sos aggregation,39.99
977,safekeeper plus,bling,39.99
978,didi & ditto : kindergarten win/mac,kutoka,19.99
979,logic express 7,apple computer,299.0
980,travelogue 360 : paris,aspyr media,29.99
981,instant immersion italian v2 .0 ( large box ),topics entertainment,29.99
982,power on now up to date & contact windows,power-on-software,129.99
983,cook 'n low fat,dvo enterprises,19.99
984,serious magic visual communicator 2.0 web,serious magic,199.99
985,best of slots 2 ( jewel case ),masque publishing,9.99
986,cubase 4 competitive crossgrade,steinberg ( yamaha ),549.99
987,casual games pack,egames,19.99
988,eovia carrara 4 pro win/mac,eovia corporation,599.99
989,i spy fantasy v. 2 with i spy book & mini cd,topics entertainment,29.99
990,power production storyboard artist 4,power production,
991,instant immersion spanish audio deluxe,topics entertainment,39.95
992,final draft 7 professional scriptwriting win/mac,final draft,289.99
993,quickbooks customer manager 2.5,intuit,79.95
994,irispen express translator,iris,149.99
995,apple remote desktop 3 unlim managed systems,apple,499.0
996,time money & fractions grades 1-2,school zone,9.99
997,mac os x server v10 .4.7 unlimited client,apple,999.0
998,reader rabbit playtime for baby and toddler,the learning company,19.99
999,spy sweeper w/antivirus family edition,webroot software,49.95
1000,dance praise with dance pad ( win/mac ),digital praise,39.99
1001,printmaster 17 platinum by encore software,encore software,39.99
1002,genuine fractals genuine fractals print pro 1u,onone software,299.95
1003,logic pro 6,apple,999.99
1004,professor teaches excel & word,individual software,19.99
1005,sibelius 4 educational edition,sibelius-software-ltd .,329.0
1006,terror strike,encore,19.95
1007,wisdom of the bible holy land edition,hip interactive,29.99
1008,norton internet security 2008 10 user,symantec,199.99
1009,test and improve your memory ( dvd box ),tri synergy,29.99
1010,roxio easy media creator 9,roxio,99.95
1011,logic pro 6 upgrade from logic platinum/gold 5 & 6,apple,199.99
1012,reel deal slots 2.0 for pc,phantom efx,9.99
1013,marine aquarium 2.0 ( pc & mac ),encore,29.99
1014,elementary advantage 2008,encore,39.99
1015,finale songwriter 2007,finale,49.95
1016,math success deluxe 2007,topics entertainment,39.99
1017,language lab german,topics entertainment,39.99
1018,wheel of fortune deluxe,encore,19.99
1019,neuratron photoscore professional 4,sibelius-software-ltd .,199.99
1020,elementary school advantage 2007,encore software,29.99
1021,resumemaker professional 12.0,individual software,29.99
1022,panda internet security 2007 3-user,panda software,69.95
1023,aquarium 3 in 1 collection limited edition for win/mac,encore software,19.99
1024,punch super home suite 3.0,punch ! software,49.99
1025,e-mu em8669 modern symphonic orchestra,e-mu,499.99
1026,final draft scriptwriter 's suite [ final draft 7 & final draft av2 ],final draft,349.99
1027,q * bert,encore,9.99
1028,makemusic finale 2007 win/mac,emedia,600.0
1029,westward,encore software,19.99
1030,final draft av 2.5 win/mac,final draft,199.99
1031,singleclick network now ! pro,encore software,39.99
1032,finale allegro 2007,finale,199.95
1033,pc professor fuji 's kakuro,encore software,9.99
1034,marine aquarium 2.5 virtual undersea paradise win/mac,encore software,19.99
1035,riverdeep spongebob squarepants typing fun,riverdeep,
1036,brain food games : cranium collection 2006,encore,19.95
1037,brain food games : cranium collection 2006,encore,19.95
1038,printmaster 17 gold by encore software,encore software,30.66
1039,who wants to be a millionaire ?,encore,9.95
1040,encore the big box of art 410Â 000Â 460001 ),encore software,19.99
1041,fate,encore,19.99
1042,genuine fractals print pro 4.1 sharpener pro 2.0,onone software,
1043,monopoly tycoon,encore,9.99
1044,hoyle puzzle & board games 2007,encore software,19.99
1045,jackpot tycoon ( jewel case ),encore,9.99
1046,riverdeep kissing canines,riverdeep,
1047,game of life jc,encore,9.99
1048,monopoly platinum edition,encore,19.99
1049,home & business lawyer dlx 2006 by broderbund,encore software,
1050,middle school advantage 2008,encore,39.99
1051,tlc clue finders math learning system sb by riverdeep,encore software,19.99
1052,reader rabbit learn to read phonics pre kindergarten,the learning company,9.99
1053,high school advantage 2008,encore,39.99
1054,professor fujis sudoku deluxe by encore,encore software,19.99
1055,high school advantage 2007,encore software,29.95
1056,the print shop 21 standard by broderbund,encore software,
1057,quarkxpress 7 for mac/win .,quark,1289.42
1058,pitstop pro 7.0 upgr 6.x or higher,enfocus software,199.0
1059,quarkxpress 7 windows & macintosh ),quark,899.0
1060,web.com site builder & hosting suite sb by web.com,encore software,49.99
1061,datawatch monarch v7 ntwk-starter cd most 8u fpm32c070-a08n ),datawatch,
1062,pc tools spyware doctor 2007 sb cs by pc tools,encore software,29.99
1063,lotus dev . ibm informix online personal edition media bb0d4na ),lotus development corp,
1064,adventure workshop 4th-6th grade 7th ed sb cs by riverdeep,encore software,19.99
1065,ares rising,interplay,69.95
1066,the print shop design suite pro ed sb cs by the print shop,encore software,199.99
1067,evergirl,thq,14.99
1068,the print shop elements : labels & logos sb cs by the print shop,encore software,
1069,hasbro family game collection 2006,encore software,19.99
1070,wasp barcode fontware w/add-ins,informatics,195.0
1071,windows xp pro nx7400 o/s,hewlett packard,
1072,marine aquarium & goldfish screen saver by encore software,encore software,
1073,backyard sports backyard basketball and backyard football,humongous entertainment,19.99
1074,family tree maker version 16 collectors edition sb cs,encore software,99.99
1075,modeless liquid ledger personal finance software ( mac ),csdc,79.99
1076,the print shop 22 sb cs by the print shop,encore software,
1077,portfolio 8 stand-alone 1-usr boxed,extensis,
1078,3d home architect home v. 8 by encore software,encore software,39.99
1079,tropico 2 : pirate cove ( mac ),destineer inc,29.99
1080,adventure workshop 4th-6th grade 7th edition,encore software,19.99
1081,stuffit deluxe v 10.0 ( mac ),smith-micro-software,79.99
1082,pitstop pro 7.0 upgr 5.x or below,enfocus software,299.0
1083,nova greeting card factory ( mac ),nova development,49.99
1084,riverdeep the print shop zoom dvd,riverdeep,
1085,burning monkey solitaire 4.0,freeverse software,24.95
1086,calendar creator platinum sb cs by riverdeep,encore software,29.99
1087,captain america the complete comic collection win/mac,git corp,49.95
1088,suitcase fusion 1u box,extensis,
1089,e-mu em8685 beat garden x emulator x2/proteus x2 soundset,e-mu,129.99
1090,the sims 2 ( mac ),aspyr media,49.99
1091,soundtrack 1.2,apple,199.99
1092,call of duty 2 dvd-rom ( mac ),aspyr media,49.99
1093,final cut express 2.0 upgrade,apple computer,99.99
1094,detto move2mac usb,detto-technologies-inc,71.31
1095,allume aquazone seven seas deluxe,allume,38.89
1096,apple remote desktop 2.2 10 client ( old version ),apple,299.0
1097,spy sweeper with antivirus/child safe,webroot software,39.95
1098,rollercoaster tycoon 3 ( mac ),aspyr media,49.99
1099,webroot spysweeper antispyware 3 user,webroot software,39.99
1100,poser 7 win 2000 xp mac os 10.4 & up,aladdin systems,199.99
1101,steinberg cubase studio 4,steinberg,499.99
1102,john deere : busy days in deerfield valley,destineer publishing,19.99
1103,genuine fractals print pro 5 1u,onone software,299.95
1104,history ( dvd ) ( pc & mac ),fogware publishing,
1105,punch ! master landscape & home design,punch ! software,59.99
1106,zend studio 5.1 ( win/mac ),zend-technologies-inc .,299.0
1107,pitstop pro 7.0,enfocus software,699.0
1108,3d bridge deluxe ( mac ),freeverse software,24.99
1109,halo ( mac ),macsoft,29.99
1110,the print shop 22 pro publisher deluxe sb cs by the print shop,encore software,99.95
1111,apple final cut studio 2 ( mac ),apple,1299.0
1112,railroad tycoon 3 ( mac ),macsoft,19.99
1113,logic express 7.2 upgrade from logic express 6,apple-computer - ( direct ),99.0
1114,webroot spy sweeper antispyware 5.x,webroot software,29.95
1115,punch ! master landscape professional & home design v 10.0,punch ! software,69.95
1116,aquazone bass edition,smith-micro-software,19.99
1117,dk rainbow fish most beautiful fish in the ocean,encore,9.99
1118,adobe creative suite cs3 master collection upsell,adobe,1999.0
1119,apple remote desktop 3 10 managed systems,apple,299.0
1120,caillou ready for school ( pc & mac ),brighter-minds-media-inc .,19.99
1121,totally spies : zombie jamboree ( win/mac ),brighter-minds-media-inc .,9.95
1122,apple xsan ( mac ),apple,
1123,business card composer ( mac ),belight software,39.99
1124,emedia print music 2006 win/mac,makemusic !,69.99
1125,adobe solution expert support,adobe,299.0
1126,totally spies : total swamp romp ( pc & mac ),brighter-minds-media-inc .,19.99
1127,steinberg sequel ( pc or mac ) music creation & performance software,steinberg,129.0
1128,miraizon cinematize 2 ( mac ),miraizon,69.99
1129,bias deck le 3.5 macintosh cd,bias,99.0
1130,adobe cs3 design premium macosx dvd,adobe,599.0
1131,power production storyboard quick,power production,
1132,civilization iv dvd-rom ( mac ),aspyr media,49.99
1133,apple shake 4.1 visual effects ( mac ),apple computer,499.0
1134,comic book library,marvel,49.99
1135,taxcut home & bus + state + sage includes act 8.0 & peachtree 2007,h & r block,
1136,mediafour macdrive 6 for windows,mediafour corporation,49.99
1137,wavelab studio 6,steinberg-media-technologies,399.99
1138,net ad creator,laughing bird,39.99
1139,cakewalk sonar 6 producer ed,cakewalk,799.0
1140,iomega nas 400e expansion chassis 1tb 1u,iomega,2699.0
1141,appleworks 6.2.9,apple,79.0
1142,adobe captivate 2.0,adobe,1083.95
1143,crystal 3d impact ! pro 1.25 ( jewel case ),crystalgraphics,79.0
1144,play music together mac,iplaymusic,39.99
1145,microsoft office 2004 standard ( mac ),microsoft,399.99
1146,swift publisher for mac,global-marketing-partners,39.99
1147,zoo tycoon 2 ( mac ),destineer,39.99
1148,sibelius 4 professional edition,sibelius-software-ltd .,599.99
1149,burning monkey mahjongg ( mac ),freeverse software,24.99
1150,40 years of the x-men,git corp,49.99
1151,pc tools spyware doctor 2007,encore,29.95
1152,x-plane v8 ( mac ),graphics-simulations-corporation,49.99
1153,drive genius by prosoft engineering inc,global-marketing-partners,129.0
1154,finale 2006 ( pc & mac ),emedia,600.0
1155,istopmotion,navarre,39.95
1156,pro digital frame bundle 1u,onone software,99.95
1157,internet cleanup 4.0 mac os 10.4 or higher,smith-micro-software,29.99
1158,burning monkey solitaire 2005 edition,freeverse software,24.99
1159,nero 7 ultra edition enhanced pc & home entrmnt soln,neso usa,99.99
1160,apple mac os x tiger 10.4.6 ( mac dvd ),apple computer,129.0
1161,faxstf pro mac os 10.3.9 or above,aladdin systems,49.99
1162,motu digital performer 5 digital audio software competitive upgrade ( mac only ),motu,395.0
1163,spring cleaning 9.0 for mac os 10.4 & above,aladdin systems,49.99
1164,g7 kontakt edition,sibelius-software-ltd .,99.99
1165,chronos stickybrain 3.0 ( mac ),chronos l.c.,34.99
1166,cakewalk sonar 6 studio,cakewalk,369.0
1167,micromat techtool protege with firewire device,micromat,
1168,sibelius compass,sibelius-software-ltd .,159.99
1169,print explosion deluxe 3.0 ( mac ),nova development,49.99
1170,steinberg cubase 4 digital audio software,steinberg,999.99
1171,stuffit deluxe 11,aladdin systems,79.99
1172,symc ghost solution suite 2.0 media,symantec,35.57
1173,amazing spider-man complete comic book collection win/mac,git corp,49.99
1174,adobe indesign cs3 upgrade from pagemaker [ mac ],adobe,199.0
1175,apple mac os x tiger 10.4.6 family pack ( mac ),apple computer,199.0
1176,valuesoft tune transfer for ipod software for windows xp,valuesoft,29.95
1177,microsoft office student and teacher edition 2004 macintosh,microsoft,149.99
1178,band in a box 2007,pg-music-inc .,99.0
1179,microspot x-rip ( mac ),microspot ltd,349.99
1180,bias peak le 5,bias,129.0
1181,the logo creator ( mac ),laughing bird,39.99
1182,onone software pxl smartscale windows and macintosh ),onone software,
1183,sims 2 pets expansion pack,aspyr media,34.99
1184,iview mediapro 2.5,global marketing,199.99
1185,3d home architect landscape design deluxe version 9,encore,29.99
1186,adobe creative suite cs3 web standard [ mac ],adobe,999.0
1187,clickart 1.2 million 2006 dvd,encore software,
1188,photoframe pro 3.0 1u,onone software,
1189,pc tutor learn windows vista & office 2007,nova development,29.99
1190,punch ! professional home design,punch ! software,89.99
1191,sims 2 glamour life stuff pack,aspyr media,24.99
1192,mcafee virusscan plus 3 user,mcafee,59.99
1193,mask pro 4.0 1u,onone software,159.95
1194,roxio toast 8 titanium,roxio,99.95
1195,home design architect series 3000 v10 .0,punch ! software,149.95
1196,individual small business advantage deluxe 2006,individual,49.99
1197,finale 2007 academic ( win/mac ),emedia,350.0
1198,quickbooks point-of-sale basic 6.0,intuit,799.95
1199,dreamweaver cs3 9 mac ed 1u,adobe-education-box,199.0
1200,true crime streets of la ( mac ),aspyr media,19.99
1201,learn english ( win/mac ) ( jewel case ),fogware publishing,9.99
1202,caillou magical adventures,brighter-minds-media-inc .,19.99
1203,corefx three level,core learning,59.95
1204,space ( dvd ) ( pc & mac ),fogware publishing,29.99
1205,micromat diskstudio mac ),micromat,99.0
1206,contentbarrier x4 10.4 single user ( mac ),intego,49.99
1207,stuffit deluxe 11,aladdin systems,49.99
1208,tune tools for ipod ( win/mac ),valusoft,19.99
1209,flash action phonics made easy,school zone,14.99
1210,kaplan sat/act/psat gold 2007 win/mac,topics entertainment,29.99
1211,enteractive fps creator windows ),enteractive inc. .,
1212,math success deluxe 2008,topics entertainment,49.99
1213,money home & business 2007 win32 eng na mini box us only cd,microsoft,139.43
1214,multiplication and division grades 3-4,school zone,9.99
1215,microsoft digital image suite 2006 plus pinnacle studio 10.0,microsoft,99.95
1216,macbackup,macware,29.99
1217,stubbs the zombie in rebel without a pulse ( dvd ) ( mac ),aspyr media,9.99
1218,civil air patrol : search & rescue,abacus,29.99
1219,the movies ( mac ),feral interactive,49.95
1220,atlantis quest,got game,19.99
1221,ulead videostudio 10,corel,69.99
1222,guild wars nightfall,ncsoft,49.99
1223,montage ( mac ),mariner software,149.95
1224,giggles computer funtime for baby shapes ( win/mac ),navarre ( software ),24.95
1225,sony acid pro 6 professional music workstation,sony-pictures-digital-entertainment,499.95
1226,calculation skills v1 add & sub basic core learning,sos-aggregation-company,
1227,sony super duper music looper,sony-media-software,19.99
1228,learn to play chess with fritz and chesster ( mac ),viva media,29.99
1229,adobe photoshop cs2 advanced techniques by julieanne kost,software cinema,
1230,quickverse mac bible study 2007 gold box,findex,349.95
1231,adobe framemaker 7.2 ( windows ),adobe,1445.9
1232,sound forge 9.0,sony media,399.96
1233,audio success suite edition : sales success,topics entertainment,19.95
1234,logic express 6,apple,299.99
1235,photoshop elements 4 edu mac 1u,adobe-education-box,69.0
1236,pc cakewalk guitar tracks pro 3,cakewalk,149.99
1237,dvo cook 'n deluxe 6.0 ultimate recipe organizer,dvo enterprises,39.99
1238,sound forge audio studio 9,sony media,69.59
1239,close quarters conflict,groove media,19.99
1240,upgrade acid pro 6 boxed,sony-pictures-digital-entertainment,305.18
1241,quicken legal business pro 2007,nolo press,79.99
1242,peachtree by sage premium accounting 2007,sage software,499.99
1243,prey,aspyr media,39.99
1244,peachtree by sage pro accounting 2007,sage software,169.99
1245,gsp greatest moments of our time,global-software-publishing-north-america-inc,9.99
1246,peachtree by sage complete accounting 2007,sage software,269.99
1247,audio success series : winning strategies,topics entertainment,
1248,american idol extreme music creator,sony media,49.95
1249,window washer,navarre ( software ),29.95
1250,emedia piano and keyboard method volume 1,emedia,59.99
1251,adobe acrobat standard 8.0,adobe,449.99
1252,adobe photoshop cs2 fundamental techniques by julieanne kost,software cinema,
1253,reel deal casino shuffle master edition,phantom efx,19.99
1254,john deere : welcome to merriweather farm,global-software-publishing,19.99
1255,sony acid pro 5,sony,399.95
1256,galaxy of games 5000,2k games,19.99
1257,total 3d home & landscape design suite version 9,individual software,39.99
1258,punch ! home design architectura series 18,punch ! software,129.99
1259,print shop 22 pro publisher deluxe,encore,99.99
1260,hijack2,navarre ( software ),39.95
1261,intervideo dvd copy 5 express,corel,29.99
1262,adobe flash pro cs3 upgrade [ mac ],adobe,199.0
1263,photoedit 2 ( mac ),macware,29.99
1264,punch ! professional home design suite,punch ! software,69.99
1265,3 great games for guys,dreamcatcher interactive,29.99
1266,sony sound forge audio studio 8,sony-pictures-digital-entertainment,69.99
1267,places ( pc & mac ),fogware publishing,29.99
1268,acid music studio 7,sony media,78.95
1269,punch 5 in 1 home design,punch ! software,39.99
1270,xtreme photostory on cd and dvd 6,magix entertainment,29.99
1271,anime studio 5 win 98/me 2000/xp mac os 10.4 & up,aladdin systems,49.99
1272,punch ! home design architectural series 18,punch ! software,129.99
1273,adobe soundbooth cs3,adobe,199.0
1274,wingnuts 2 ( mac ),freeverse software,29.99
1275,punch ! super home suite,punch ! software,49.99
1276,quickverse bible premier suite,individual software,39.99
1277,palo alto marketing plan pro 9.0,palo-alto-software,179.0
1278,easy video editor 2.0 by honest technology,global-marketing-partners,50.88
1279,palo alto business plan pro premier 2007,palo-alto-software,199.0
1280,national parks : enhanced scenery add-on for microsoft flight simulator 2002 & 2000,abacus,19.99
1281,palo alto business plan pro 2007,palo-alto-software,99.95
1282,adobe after effects cs3,adobe,999.0
1283,namo webeditor 2006,namo,99.99
1284,punch ! master landscape & home design,punch ! software,99.99
1285,black & white platinum pack ( mac ),feral interactive,29.99
1286,webroot desktop firewall,webroot software,29.99
1287,punch ! 5 in 1 home design,punch ! software,39.99
1288,city of heroes good vs. evil edition,nc soft,29.99
1289,business card factory deluxe 3.0,nova development,29.99
1290,punch ! home design architectural series 4000 v10,punch ! software,199.99
1291,big tiny little a tiny little christmas,yamaha,34.95
1292,small business server 2003 20u cal addpak user,microsoft,
1293,systemsuite 8 professional,individual software,49.99
1294,jumpstart 4th-6th grade v 2.0 b43,knowledge adventure,19.99
1295,pcdefense,avanquest software,29.95
1296,starry night astronomy screensaver win/mac,imaginova,19.99
1297,quickverse sermon builder 4.0,findex.com inc,69.95
1298,ultra sudoku/ultra kakuro,abacus,29.95
1299,snap ! spelling ( jewel case ),topics entertainment,19.95
1300,acad vegas movie studio + dvd 8 platinum,sony-pictures-digital-entertainment,
1301,bitdefender antivirus 10.0 [ 2 year subscription for 2 pcs ],global-marketing-partners,39.95
1302,scrabble with bonus clue,encore,19.99
1303,scrabble complete ( jewel case ),encore,9.99
1304,piano wizard premier software & stickers & midi cable,re : launch,149.95
1305,microsoft visual studio professional w/msdn professional 2005 renewal,microsoft software,799.0
1306,emedia guitarpro 5 win/mac,emedia,59.99
1307,spycatcher 2007for pc,avanquest,19.99
1308,intuit quicken home inventory manager windows,intuit,34.95
1309,academy award winners,yamaha,31.95
1310,ca antivirus 2007,computer associates,39.95
1311,zonealarm pro firewall,zone labs,39.99
1312,sales skills 2.0 ages 10 +,victory multimedia,19.95
1313,brain builder,core learning,19.95
1314,return to castle wolfenstein ( mac ),aspyr media,29.99
1315,solitaire antics deluxe,masque publishing,
1316,aircraft collector 's second edition,abacus,19.95
1317,findex quickverse bible study 2007 bible-suite,findex,
1318,treasure mountain ! ( jewel case ) ages 5-9 for win/mac,riverdeep,9.99
1319,video patrol 5.0 by honest technology,global-marketing-partners,50.86
1320,snap ! kakuro,topics entertainment,4.99
1321,instant immersion american sign language win/mac,topics entertainment,9.99
1322,adobe creative suite cs3 design premium upsell,adobe,1599.0
1323,simple slide show,topics entertainment,19.99
1324,printmaster platinum v 17.0,encore software,39.99
1325,street atlas usa 2007 plus dvd,delorme,59.95
1326,jumpstart world 2nd grade,knowledge adventure,19.99
1327,great invasions,strategy first,39.99
1328,web graphics creator,sos-aggregation-company,39.95
1329,instant immersion translator deluxe 2.0,topics entertainment,49.99
1330,onone essentials for adobe photoshop elements version 2 full,onone software,59.95
1331,funny faces deluxe,fogware publishing,19.99
1332,emedia blues guitar legends,emedia,29.94
1333,age of empires iii : the warchiefs expansion pack ( mac ),destineer,34.95
1334,adobe creative suite cs3 web standard,adobe,999.0
1335,guitar tool worship edition,midisoft corporation,
1336,delorme topo usa mapping software 6.0 east region,delorme,49.95
1337,nero 8 ultra edition,nero inc.,99.95
1338,weekly reader mastering high school 2008,fogware publishing,29.99
1339,northstar for pc/mac,true-north-technology-inc .,99.99
1340,make music allegro 2007 labpack 5 user,makemusic !,375.0
1341,instant immersion hawaiian audio,topics entertainment,
1342,power translator 11 premium,language-engineering-co-llc,79.99
1343,liquid ledger personal finance,csdc,79.99
1344,sportsman 's double play,masque publishing,19.95
1345,jumpstart advanced preschool v2 .0,knowledge adventure,19.99
1346,visual thesaurus the thinkmap inc.,csdc,39.95
1347,phonics success essentials : grades 7-9,topics education,19.99
1348,cook 'n cd recipe cards,dvo enterprises,19.99
1349,adobe creative suite cs3 web standard upsell [ mac ],adobe,799.0
1350,train sim modeler design studio,abacus,39.99
1351,learn to play keyboard ( jewel case ),alfred publishing,9.99
1352,ufo afterlight,topware interactive,39.99
1353,instant immersion italian deluxe v2 .0 ( large box ),topics entertainment,29.99
1354,enemy territory : quake wars,aspyr media,49.99
1355,weekly reader mastering elementary/middle school math learning,fogware publishing,19.99
1356,sentinel : descendants in time,dreamcatcher interactive,19.99
1357,photostory on cd & dvd 5,magix entertainment,19.99
1358,flash remoting 1 alp ret eng cd 2u,adobe,3314.09
1359,shapes,school zone,9.99
1360,dragon naturally speaking standard v9,nuance-communications-inc .,99.99
1361,mediarecover,aladdin systems,29.99
1362,photo explosion 3.0,nova development,29.99
